method,n,n_clusters,acc,g1_bias,g1_sens,g1_consistency,g1_length_term,g1_bias_lo,g1_bias_hi,g2_bias,g2_sens,g2_consistency,g2_length_term,g2_bias_lo,g2_bias_hi,g3_bias,g3_sens,g3_consistency,g3_length_term,g3_bias_lo,g3_bias_hi,pct_syntax_beats_semantics,pct_length_beats_semantics,pct_g1_positive
BASE (untrained),2000,195,0.6005,14.44617821715772,19.7440830437392,0.6541871979570721,-0.11206868182122708,11.065147935562486,17.718458544087312,-1.864006812125445,15.134946630567311,-0.09283513453194815,-0.8256699026823043,-3.841354620741892,0.0973315170019211,-4.2150704156458385,13.248764093488456,-0.24534915537638752,-0.9764292352199554,-6.619886167158538,-1.8394213469404561,43.75,36.85,77.0
DPO v3,2000,195,0.656,16.446545227080584,24.79090328410268,0.5619681910104912,-0.13040828958153725,12.380219138979543,20.397051539292143,-0.9689531586170196,19.743382926881313,-0.03626329494326973,-1.07292854860425,-3.3223302633973026,1.5159641620195348,-0.1945558091104025,18.25628619661927,-0.007972974035759124,-1.5370210955142976,-3.874379864971326,3.0666442289434923,44.65,42.1,72.15
SimPO v2,2000,195,0.6205,17.476446007817984,19.884584798127413,0.9025289367877284,-0.08918117752671242,14.135350159118472,20.74035501249759,-0.9556687607169154,12.275080464959144,-0.05841920414009435,-0.8838632236123085,-2.5015849435889326,0.5977307600411971,-8.186980029523372,11.289961723864078,-0.6150008904129108,-0.9330938447117806,-9.913327277620676,-6.419298708429826,32.35,29.349999999999998,86.6
I4 winner (r5),2000,195,0.658,17.867671730838715,25.113450042031705,0.622880020307589,-0.142675925783813,13.644674790527903,21.950298474329703,-1.207261572420597,19.671240310609342,-0.04585146026198756,-1.0252219382226466,-3.6203004437145117,1.1690006819825454,-1.9329965607821946,18.622743053287266,-0.07662726409066616,-1.4243331124186516,-5.404929296964476,1.0438627816973705,45.5,40.75,74.4
Dr.DPO,2000,195,0.6485,22.06897019459307,32.11151540501416,0.6007760906913696,-0.11840570153295994,17.048052166675415,26.88977240148415,-0.8585123927593235,24.92963734602928,-0.025722893739755042,-1.3279241216480733,-3.638234354644512,2.4088555203666866,-1.0368236683309082,23.895732469409705,-0.03283919754264256,-1.6928046053647996,-5.796129652325822,3.292647890318233,43.75,41.05,72.55
R-DPO,2000,195,0.649,15.526708740800618,21.836044813781978,0.6208148096094352,-0.14970275130867958,11.956935859440826,18.929938999243042,-1.0981757066845894,16.771784480154516,-0.04867455996892873,-0.9463749195635319,-3.1577356541711774,0.8901310607603442,-1.8267318108677866,16.403101875066756,-0.08449290678971698,-1.2748776096403598,-5.086334158146121,1.1048261831572699,44.65,41.65,75.6
LD-DPO,2000,195,0.655,15.272733867242932,21.72934792150557,0.6086612201216852,-0.13848082323372363,11.60020082635141,19.000261397727403,-1.0709848226606842,17.231605579763652,-0.04675273706412715,-0.9739286600649357,-3.4202959019550696,1.1696205893801526,-1.5803317656815055,14.863559863775968,-0.08051439998459015,-1.311121975004673,-4.573916568872117,1.153862981603226,45.800000000000004,39.550000000000004,74.45
rDPO,2000,195,0.6535,15.929081880912184,23.233686043426395,0.5892729480842195,-0.13094402323663235,12.122467350925797,19.650789213736676,-1.0024404785335062,18.715363848179578,-0.04006743395868035,-1.0133037270009517,-3.5302102901901775,1.4387299646502574,-0.8736835471689697,16.771917349249126,-0.03916493185590055,-1.4433369234502316,-4.360631682168553,2.3750392340718713,45.9,41.15,73.45
SamPO,2000,195,0.659,15.32997282320261,21.51196612894535,0.6217347686155699,-0.1297802401781082,11.76484329648335,18.83212729444841,-1.3161550377607345,16.883683027803897,-0.05846508405519713,-0.9449074685573577,-3.7387188162088707,1.0374328063922758,-1.7500705303698783,14.350252437070012,-0.09261986968189237,-1.2557966480106115,-4.682354986018228,0.9201357401735939,45.4,39.050000000000004,75.64999999999999
Tie,2000,195,0.628,16.382419629767536,21.394921566143633,0.7013188618279345,-0.12757732148468495,12.911189114856752,19.809506759830363,-0.7711661589443686,15.776988755196333,-0.03667347802646437,-0.8970454423427582,-2.798438771669252,1.184261840374665,-4.95269996881485,13.681269673109055,-0.27598217320936297,-1.1316629842817783,-7.617722813598204,-2.414736418907199,41.5,37.25,79.9
ORPO,2000,195,0.611,30.666082313925028,31.946790076702833,1.3803641631735877,-0.0742672575712204,26.629430424299777,34.71073986323492,-0.2223048567324883,13.748579365625977,-0.012005974158575636,-0.7832998969703913,-1.8347518919253243,1.4100547028970818,-23.34728409907222,23.853984968721868,-1.376916699223597,-0.5930611637532711,-26.457407502102445,-20.34604853493,17.349999999999998,33.550000000000004,95.35
LMPO,2000,195,0.579,8.419094056487083,17.14891459083557,0.38565552892544086,-0.1039456443786621,6.300664844919701,10.492037535669693,3.245511650741101,16.072120954453943,0.14724279793053494,-1.6643097444176673,0.13751180879535518,7.079006543594364,1.1909904609322541,11.075353892982006,0.0793638580328381,-2.023566311657429,-1.9331010683642158,3.999056138540141,50.4,38.45,66.14999999999999
drdpo_i4b (r7 'best'),2000,195,0.667,14.568064986974,21.099196552366017,0.6189638542674524,-0.14150497651100158,11.273651581019381,17.603678436240454,-1.6772429199218748,16.697425483644007,-0.07638197133992758,-0.9895059253275394,-3.2190000915374193,-0.11063495857091551,-0.4650361101627359,19.22846429556608,-0.018059476700505454,-1.3761200149059296,-4.0142512476537355,2.7194051021071037,45.1,45.6,73.7
drdpo_i4,2000,195,0.6545,13.874380022540688,19.23574188579619,0.6499114414121099,-0.12634785617887972,10.63682360490288,16.752863089250727,-1.508326949238777,15.047250206530094,-0.07613105453728992,-0.9569121159613132,-3.036980156641311,0.04783321561603032,-1.8970133857429023,17.94896277615428,-0.07843048909421123,-1.3340834968090058,-4.8541582508155,0.8668778999016673,42.5,47.65,75.85
drdpo_rdpo,2000,195,0.648,23.17507942855358,34.008812419891356,0.5999685340230756,-0.13998575872182847,17.70230865018706,28.465021415723687,-1.1400917996764186,26.16893727183342,-0.03266846129654713,-1.3903265945911407,-3.8366878063135403,2.0681283055887545,-0.35003995519876424,26.781626542925835,-0.009905304649262286,-1.8449477479457854,-5.151878791747423,3.853873008494375,44.0,43.95,72.2
drdpo_strat,2000,195,0.6685,20.971285774946214,31.367291442751885,0.5727142914247061,-0.11496188896894455,15.571864578581915,26.469878407397538,-1.0402074077725407,23.95031801509857,-0.03189874823437268,-1.3351494320631028,-3.573946350607607,1.719774305585936,0.06100581815838814,23.291771303683518,0.0019436223933238317,-1.7236621182262897,-5.150631229169936,4.431262637039538,42.0,42.699999999999996,72.1
drdpo_accum,2000,195,0.649,22.827515270277857,33.558696668609976,0.5974061916173247,-0.12500809000432492,17.330408737970114,28.106161645111115,-0.976171870678663,26.234027732759714,-0.027828338532371377,-1.3845076126754283,-4.032717095239323,2.5788806638744957,-0.46620551577210356,25.38519987234473,-0.013862860642891014,-1.7062425433695316,-5.688736375440403,4.308910825090959,43.25,41.699999999999996,72.2
drdpo_bp05,2000,195,0.655,66.34208648517728,91.2317106001079,0.618015519225438,-0.0818550302684307,43.90593095869831,87.6093212361429,-0.466261988312006,67.824696739465,-0.005116745845931183,-3.0403743866980077,-10.741718381009163,10.161947713800698,-9.924789015024901,57.5193289526999,-0.12377914012635531,-4.384608299404383,-22.32334191135722,1.5992196643379375,42.0,38.6,74.3
drdpo_bp2,2000,195,0.6555,16.2845012318939,24.419439786717295,0.5678655887239321,-0.12711474274098872,12.326651745341387,20.205270102824045,-1.0011227794587618,19.431318481594325,-0.03809327763912618,-1.0608738639652728,-3.4102274502936463,1.5528210893669603,-0.1105379694998266,17.85217216822505,-0.004652341015084453,-1.5131544801294803,-3.8459094792468522,3.111807810143822,46.2,41.949999999999996,72.85000000000001
drdpo_bp025,2000,195,0.6155,94.27083238449693,130.4784242862761,0.6596777002306917,-0.528446930617094,69.50061598105438,117.70504226399581,9.523308629155155,103.74236400282383,0.06729816241927354,-5.040842001080513,-11.877957222288082,29.269108371397884,-34.19690300655365,87.05402553963661,-0.3047363999600864,-6.766110996127129,-50.56036080163728,-16.948006084109032,41.699999999999996,38.65,76.0
