label,subset,n,acc,acc_rpp,acc_rp,worst_orbit,g1,g2,g3
base_dpo,all,256,0.65625,0.578125,0.80078125,0.484375,15.552924126386642,-9.040667578577994,0.2413736730813959
base_dpo,chosen_longer,106,0.330188679245283,0.4811320754716981,0.7264150943396226,0.3113207547169811,9.619931095051315,-16.53423366906508,-10.823692897580704
base_dpo,rejected_longer,144,0.9027777777777778,0.6527777777777778,0.8611111111111112,0.6111111111111112,20.179760641521877,-3.4119883378346736,8.168875137964882
base_drdpo,all,256,0.6484375,0.55078125,0.77734375,0.47265625,14.703242719173428,-8.482752472162247,0.25836643576622054
base_drdpo,chosen_longer,106,0.32075471698113206,0.4339622641509434,0.6981132075471698,0.3018867924528302,8.858928896346182,-15.088773907355542,-10.775144325112393
base_drdpo,rejected_longer,144,0.8958333333333334,0.6388888888888888,0.8402777777777778,0.5972222222222222,19.27734507454766,-3.5063881874084473,8.180184125900267
cf_dpo_tau1,all,256,0.65625,0.65625,0.859375,0.546875,19.301348492503166,-8.07405835390091,-4.390746936202049
cf_dpo_tau1,chosen_longer,106,0.330188679245283,0.5660377358490566,0.7924528301886793,0.330188679245283,13.591629028320309,-14.749468857387328,-16.13498198311284
cf_dpo_tau1,rejected_longer,144,0.9027777777777778,0.7291666666666666,0.9097222222222222,0.7083333333333334,23.72211506631639,-2.96601457066006,3.9612701998816586
cf_drdpo_tau025,all,256,0.65234375,0.640625,0.84765625,0.53515625,19.0024571120739,-7.8916545659303665,-4.464400663971899
cf_drdpo_tau025,chosen_longer,106,0.330188679245283,0.5377358490566038,0.7830188679245284,0.32075471698113206,13.417295024080092,-13.994864661738557,-16.406918579677367
cf_drdpo_tau025,rejected_longer,144,0.8958333333333334,0.7222222222222222,0.8958333333333334,0.6944444444444444,23.31483832995097,-3.2172809971703433,4.048363844553634
cf_drdpo_tau1,all,256,0.65234375,0.6484375,0.85546875,0.54296875,19.047156304121017,-7.506425574421883,-4.983063653111459
cf_drdpo_tau1,chosen_longer,106,0.330188679245283,0.5566037735849056,0.7924528301886793,0.330188679245283,13.49186864888893,-13.496363981714788,-16.968202411003833
cf_drdpo_tau1,rejected_longer,144,0.8958333333333334,0.7222222222222222,0.9027777777777778,0.7013888888888888,23.355479452345108,-2.9077586597866483,3.547298192977903
cf_drdpo_tau4,all,256,0.65234375,0.65234375,0.85546875,0.54296875,19.214170217514038,-7.396095529198649,-5.035348966717718
cf_drdpo_tau4,chosen_longer,106,0.330188679245283,0.5660377358490566,0.7924528301886793,0.330188679245283,13.569511845426739,-13.178995852200492,-17.283721024135374
cf_drdpo_tau4,rejected_longer,144,0.8958333333333334,0.7222222222222222,0.9027777777777778,0.7013888888888888,23.58305851618449,-2.9377530680762427,3.694729672537912
