method,subset,n,acc,g1,g2,g3,g1_pertoken,g2_pertoken,g3_pertoken,chosen_logp,rejected_logp,chosen_tokens,rejected_tokens,length_acc_gap,worst_subset
drdpo,chosen_longer,1031,0.6139670223084384,25.384504949086853,-2.2292435328782356,-8.432804411065797,0.6597714847898623,0.006356124734554791,0.36832864647577623,-115.09789366402983,-129.82035066917265,38.92531522793404,32.645974781765275,0.07324228001714306,0.6139670223084384
drdpo,rejected_longer,860,0.6872093023255814,19.05685201245685,-1.5010781620824052,3.364025422029717,0.5512669548045757,-0.058896774885266324,-0.48897964427637497,-114.80167475412058,-135.72147402652473,33.47790697674419,39.45813953488372,0.07324228001714306,0.6139670223084384
drdpo,all,2000,0.6485,21.95056450462341,-2.186436450958252,-2.729628479003906,0.5931487809121608,-0.030347851186990744,-0.018049454122781774,-115.09324918746948,-132.12774876213075,36.426,35.7605,0.07324228001714306,0.6139670223084384
rdpo,chosen_longer,1031,0.612027158098933,17.387288817841377,-0.8681125252369417,-8.900308177959099,0.44566286627698243,0.026871279416791908,0.2005691863632572,-89.11215985665382,-96.73102797129916,38.92531522793404,32.645974781765275,0.08215888841269481,0.612027158098933
rdpo,rejected_longer,860,0.6941860465116279,14.051487780726234,-2.821231775505599,3.13195981314016,0.3994166704111321,-0.09358000644417697,-0.3556256514649058,-89.35351789163988,-103.71573371000068,33.47790697674419,39.45813953488372,0.08215888841269481,0.612027158098933
rdpo,all,2000,0.649,15.377006146430968,-2.0445507154464724,-3.1016093187332157,0.4104192577600479,-0.03494806829094886,-0.04729436352849006,-89.49437593173981,-99.7252220439911,36.426,35.7605,0.08215888841269481,0.612027158098933
lddpo,chosen_longer,1031,0.5945683802133851,17.034736444600917,-0.8191220369533236,-11.591951845688916,0.43508653647684564,0.02338107353732151,0.14042143088654335,-94.96713175805995,-99.59079432001863,38.92531522793404,32.645974781765275,0.13450138722847538,0.5945683802133851
lddpo,rejected_longer,860,0.7290697674418605,13.914138527803642,-2.899856540768646,6.820672545322152,0.39578274405279823,-0.09895409304042195,-0.26697099174177924,-92.73603285856025,-110.5709873909174,33.47790697674419,39.45813953488372,0.13450138722847538,0.5945683802133851
lddpo,all,2000,0.655,15.134253406524659,-2.044913335800171,-2.8914537239074707,0.40360052102804184,-0.0388744847178459,-0.04014678654074669,-94.1771725616455,-104.37505890846252,36.426,35.7605,0.13450138722847538,0.5945683802133851
rdpo_robust,chosen_longer,1031,0.5868089233753637,17.872748945663556,-0.7971717693872753,-9.655881339664255,0.4573266191695294,0.02798798868195972,0.2157634211673422,-96.73850869808696,-104.158204534699,38.92531522793404,32.645974781765275,0.14807479755486885,0.5868089233753637
rdpo_robust,rejected_longer,860,0.7348837209302326,14.424724703056869,-2.882629549780557,5.836509323120117,0.41116460270659866,-0.09940127494723296,-0.30890827955201616,-95.56085469001947,-112.9394591664159,33.47790697674419,39.45813953488372,0.14807479755486885,0.5868089233753637
rdpo_robust,all,2000,0.6535,15.798137999534607,-2.015744188308716,-2.3170207538604726,0.4217557374536991,-0.03637699848413468,-0.019282100856304163,-96.36148360157013,-107.82685665893554,36.426,35.7605,0.14807479755486885,0.5868089233753637
sampo,chosen_longer,1031,0.585838991270611,17.15092462156723,-1.2289569939836262,-11.992250729254677,0.43874433113462596,0.01013316042092561,0.11387148190192177,-92.00063668999363,-95.93035358832255,38.92531522793404,32.645974781765275,0.16299821803171455,0.585838991270611
sampo,rejected_longer,860,0.7488372093023256,13.933877022321834,-2.9240666633428525,7.0718029022216795,0.3951102672621261,-0.09881941371185837,-0.24562774272852167,-89.39762316859046,-107.47923642979111,33.47790697674419,39.45813953488372,0.16299821803171455,0.585838991270611
sampo,all,2000,0.659,15.200192448616027,-2.261062423706054,-3.005867488861084,0.40518062707781793,-0.04553733718395233,-0.04501771414279939,-91.07141886425018,-101.00468140029908,36.426,35.7605,0.16299821803171455,0.585838991270611
tie,chosen_longer,1031,0.5703200775945684,18.0951104890248,-0.47270592616439167,-14.710273516975944,0.46432564839012525,0.026838648735494085,0.005454724038491294,-84.47525964583389,-87.38739069171835,38.92531522793404,32.645974781765275,0.13665666659147813,0.5703200775945684
tie,rejected_longer,860,0.7069767441860465,15.137217184554698,-2.4792352498963823,3.4285565797672715,0.4335589571747669,-0.08479945479437366,-0.31739214062690735,-81.95081732993903,-98.03735584436461,33.47790697674419,39.45813953488372,0.13665666659147813,0.5703200775945684
tie,all,2000,0.628,16.254842267990114,-1.6682116031646725,-6.0843630867004395,0.4364180643260479,-0.030685092955827723,-0.13463298800587653,-83.5913177280426,-92.0935853061676,36.426,35.7605,0.13665666659147813,0.5703200775945684
orpo,chosen_longer,1031,0.48884578079534435,32.18598810338373,-0.637741166567132,-33.14451976520823,0.8314049702957923,0.01753485682632712,-0.6209030895413529,-58.561094674407336,-56.9648218460157,38.92531522793404,32.645974781765275,0.27045654478605097,0.48884578079534435
orpo,rejected_longer,860,0.7593023255813953,29.868980696034985,-0.901055648714997,-14.079766127120617,0.8899765621784121,-0.03409913743651191,-0.726899778357772,-54.55244457998941,-69.44060350018879,33.47790697674419,39.45813953488372,0.27045654478605097,0.48884578079534435
orpo,all,2000,0.611,30.591814945220946,-1.0056047391891483,-23.94034523963928,0.843345742881298,-0.012111003875732435,-0.6567873929440975,-56.88160537242889,-62.52747033882141,36.426,35.7605,0.27045654478605097,0.48884578079534435
lmpo,chosen_longer,1031,0.3317167798254122,8.091214525017426,0.44047389506831186,-24.060549183798344,0.23817496110118785,0.10785180127932888,0.09518037179970947,-181.1482317505475,-165.61937098683487,38.92531522793404,32.645974781765275,0.5368878713373786,0.3317167798254122
lmpo,rejected_longer,860,0.8686046511627907,8.726929864218068,3.5000453150549604,26.57404651198276,0.2255419476087703,0.06735486651575844,-0.023996642301248976,-155.2072655699974,-194.00828726125317,33.47790697674419,39.45813953488372,0.5368878713373786,0.3317167798254122
lmpo,all,2000,0.579,8.31514817428589,1.5812018699646,-0.8325756492614752,0.23100839817523952,0.0834552474021912,0.03868662989139555,-169.05169150543213,-178.11546590042116,36.426,35.7605,0.5368878713373786,0.3317167798254122
DPO_v3,chosen_longer,1031,0.6071774975751697,18.954698194472336,-1.1028761600083683,-8.611652648067384,0.48455060649912524,0.02811034794112761,0.267342532178248,-100.17528489350579,-109.41545427990238,38.92531522793404,32.645974781765275,0.11026436288994657,0.6071774975751697
DPO_v3,rejected_longer,860,0.7174418604651163,14.298982500475507,-2.6014636283697086,5.840512062782465,0.404490361795869,-0.09065908096557443,-0.3313804006853769,-100.08501304360323,-117.6230439784915,33.47790697674419,39.45813953488372,0.11026436288994657,0.6071774975751697
DPO_v3,all,2000,0.656,16.316136910438537,-2.0418816566467286,-1.7315763645172129,0.4329909529685974,-0.03221636137366295,-0.0010210408866405275,-100.25326033687591,-112.79593922615051,36.426,35.7605,0.11026436288994657,0.6071774975751697
SimPO_v2,chosen_longer,1031,0.4597478176527643,18.954193710933946,-1.8733959771497628,-20.10461393591273,0.48840471648337425,-0.00492723119941068,-0.1713120248222906,-84.2759935839678,-81.25217738183925,38.92531522793404,32.645974781765275,0.35420567071932874,0.4597478176527643
SimPO_v2,rejected_longer,860,0.813953488372093,16.370785708760106,-1.4781998212947407,3.3390746360601393,0.4727204098257908,-0.05644052569256274,-0.3121111541293388,-78.07667036721872,-96.30833089074423,33.47790697674419,39.45813953488372,0.35420567071932874,0.4597478176527643
SimPO_v2,all,2000,0.6205,17.387264751434326,-1.8395319004058839,-9.12007377243042,0.47064709532260895,-0.031663013756275185,-0.23001516497135163,-81.61445108032227,-88.0421101589203,36.426,35.7605,0.35420567071932874,0.4597478176527643
I4_winner,chosen_longer,1031,0.6382153249272551,20.695921630563376,-1.2057220133384607,-9.298152649784182,0.5378941132476559,0.02645768561950594,0.2226838418052222,-92.69819466473406,-102.89024163217479,38.92531522793404,32.645974781765275,0.053645140189024,0.6382153249272551
I4_winner,rejected_longer,860,0.6918604651162791,15.407975077074628,-2.8463223257730172,3.0699894217557686,0.4404869218898374,-0.09093684346176857,-0.3896128836066224,-94.23258663443632,-109.8642288074937,33.47790697674419,39.45813953488372,0.053645140189024,0.6382153249272551
I4_winner,all,2000,0.658,17.724995806694032,-2.2324833707809453,-3.357329299926757,0.47763992251455784,-0.034281442373991014,-0.05157757350802423,-93.55401204681397,-105.68919518280029,36.426,35.7605,0.053645140189024,0.6382153249272551
drdpo_accum,chosen_longer,1031,0.6100872938894277,25.973991410692957,-2.8033500804586615,-7.640761389302238,0.674747797901716,-0.006947954688456073,0.412875827253732,-119.3833736027478,-134.91325354367987,38.92531522793404,32.645974781765275,0.08642433401754901,0.6100872938894277
drdpo_accum,rejected_longer,860,0.6965116279069767,19.902471036689224,-1.201249464168105,3.7020592534264862,0.5809961492239043,-0.05112022674360939,-0.5001139809918959,-118.35270966818166,-140.75599049412926,33.47790697674419,39.45813953488372,0.08642433401754901,0.6100872938894277
drdpo_accum,all,2000,0.649,22.702507069587707,-2.360679832458496,-2.1724482078552256,0.6160976729691029,-0.03402181351184845,-0.00026023799180983784,-118.9491484003067,-137.1185274295807,36.426,35.7605,0.08642433401754901,0.6100872938894277
drdpo_bp025,chosen_longer,1031,0.585838991270611,116.87544721127944,12.064974928225976,-78.28845891203265,3.144640036628272,0.4712706652806871,-0.08705219010724016,-398.71250339807756,-449.36446662555034,38.92531522793404,32.645974781765275,0.06881217152008667,0.585838991270611
drdpo_bp025,rejected_longer,860,0.6546511627906977,71.78109577090241,-2.2794806546943125,0.1731739310331091,2.090261736997338,-0.14976920693419712,-1.9959986889085104,-401.6634254632994,-471.33821451054064,33.47790697674419,39.45813953488372,0.06881217152008667,0.585838991270611
drdpo_bp025,all,2000,0.6155,93.74238516616822,4.482466163635256,-40.963012840271,2.585355702936649,0.163030061841011,-0.9249991503953934,-400.057737701416,-457.3195761909485,36.426,35.7605,0.06881217152008667,0.585838991270611
drdpo_bp05,chosen_longer,1031,0.635305528612997,81.0834648472724,-3.6723598402524673,-25.548206728945416,2.1395110723234634,0.06860583297958893,0.5590566122682203,-223.46267528145435,-275.3255735595289,38.92531522793404,32.645974781765275,0.050740983014909924,0.635305528612997
drdpo_bp05,rejected_longer,860,0.686046511627907,52.50125990135725,-2.7646182392918788,-1.6560225775075543,1.5761553649292437,-0.12406244333400286,-1.2204662070717922,-224.29678574939106,-272.3774048339489,33.47790697674419,39.45813953488372,0.050740983014909924,0.635305528612997
drdpo_bp05,all,2000,0.655,66.26023071289063,-3.5066354370117208,-14.309397748947143,1.8286791077256204,-0.026496735751628867,-0.25033918839693065,-224.3741754722595,-272.8183729991913,36.426,35.7605,0.050740983014909924,0.635305528612997
drdpo_bp2,chosen_longer,1031,0.5916585838991271,18.491513980232778,-0.9315119797922133,-8.52222421906968,0.47201778117484194,0.030756423706920492,0.266742165174216,-99.5296117466243,-108.56738952799519,38.92531522793404,32.645974781765275,0.14206234633343107,0.5916585838991271
drdpo_bp2,rejected_longer,860,0.7337209302325581,14.528265811121742,-2.8507545959117797,5.956809966508732,0.41096031721248183,-0.09854882345643154,-0.3220705255519512,-98.7926480581594,-116.4269692398781,33.47790697674419,39.45813953488372,0.14206234633343107,0.5916585838991271
drdpo_bp2,all,2000,0.6555,16.157386198997497,-2.061996622085571,-1.623692560195923,0.42866839954257013,-0.034364946484565735,0.0031384732723235944,-99.35006457805633,-111.82176159477234,36.426,35.7605,0.14206234633343107,0.5916585838991271
drdpo_i4,chosen_longer,1031,0.6905916585838991,15.373536736148868,-1.7611608458999055,-5.64204048578538,0.398652578822394,0.013700429267032294,0.2998157011202304,-92.51733922727124,-100.48767463173482,38.92531522793404,32.645974781765275,0.0684986353280852,0.622093023255814
drdpo_i4,rejected_longer,860,0.622093023255814,12.55674090718114,-2.6789217039596203,-1.000601502351983,0.35356296841488327,-0.08634873448416244,-0.47957050190415496,-92.34669550962226,-101.2239132104918,33.47790697674419,39.45813953488372,0.0684986353280852,0.622093023255814
drdpo_i4,all,2000,0.6545,13.748032167434692,-2.4652390861511226,-3.2310966148376465,0.36816285756230355,-0.03915128359198571,-0.050160638839006406,-92.7339987449646,-100.78569521141053,36.426,35.7605,0.0684986353280852,0.622093023255814
drdpo_i4b,chosen_longer,1031,0.6731328806983511,16.02118877296189,-2.0704540785485155,-4.594878608341014,0.41648538417890163,0.00417968783993727,0.3417454324915615,-94.0556150948851,-103.41147118095746,38.92531522793404,32.645974781765275,0.0010398574425370954,0.672093023255814
drdpo_i4b,rejected_longer,860,0.672093023255814,13.336266996694166,-2.7219287739243616,0.8867753494617551,0.3797710102657939,-0.08679764381674833,-0.43810315658879834,-94.25545044388882,-105.75656401612038,33.47790697674419,39.45813953488372,0.0010398574425370954,0.672093023255814
drdpo_i4b,all,2000,0.667,14.42655981349945,-2.6667487859725947,-1.8411560373306275,0.38893002590537074,-0.04478613683581351,-0.009732302784919768,-94.32845026683808,-104.2471052570343,36.426,35.7605,0.0010398574425370954,0.672093023255814
drdpo_rdpo,chosen_longer,1031,0.6411251212415131,26.97372008618744,-2.589522283130427,-6.026895746921128,0.7057082195170983,0.006065234296190063,0.4686314896630732,-119.99662824976687,-138.35393030590276,38.92531522793404,32.645974781765275,0.021665576432905453,0.6411251212415131
drdpo_rdpo,rejected_longer,860,0.6627906976744186,19.53050561062125,-1.8608500192331723,1.779378074823425,0.5643516777559768,-0.07007103201954866,-0.557378273647885,-121.03506590377452,-140.48409956998603,33.47790697674419,39.45813953488372,0.021665576432905453,0.6411251212415131
drdpo_rdpo,all,2000,0.648,23.035093386650086,-2.5304181461334223,-2.1949876670837396,0.6241643055081367,-0.035470598459243774,0.003232412219047568,-120.49097095394134,-138.80065852737428,36.426,35.7605,0.021665576432905453,0.6411251212415131
drdpo_strat,chosen_longer,1031,0.5916585838991271,23.754254808250153,-2.347927371005661,-8.066757305748363,0.6052635688439488,0.008486846947878109,0.39282116869141126,-119.88192058603933,-133.22149071753546,38.92531522793404,32.645974781765275,0.17113211377529158,0.5916585838991271
drdpo_strat,rejected_longer,860,0.7627906976744186,18.438175121573515,-1.785548649277799,5.4917247683502906,0.5274937234645666,-0.06896632119666697,-0.44501937821853993,-119.99049633824548,-142.13484757889148,33.47790697674419,39.45813953488372,0.17113211377529158,0.5916585838991271
drdpo_strat,all,2000,0.6685,20.856324377059938,-2.3753570251464855,-1.6626558456420903,0.5556759681701661,-0.033792442202568065,0.012374958634376515,-120.08787515640259,-136.90618666267395,36.426,35.7605,0.17113211377529158,0.5916585838991271
